[{"pk": 1, "model": "galeria.galeria", "fields": {"mapa": "http://maps.google.com/maps?hl=pt-PT&q=Avenida+%C3%81lvares+Cabral,+58%2F60,+Lisboa,+Portugal&ie=UTF8&t=h&z=16&iwloc=addr", "fotos": [7, 8, 9, 11], "nome": "MAC \u00e1lvares cabral", "cidade": "Lisboa", "rua": "Av. \u00c1lvares Cabral, 58/60", "descricao": "", "telefone": "213867215", "email": "mac@movimentoartecontemporanea.com", "cod_postal": "1250-018"}}, {"pk": 2, "model": "galeria.galeria", "fields": {"mapa": "http://maps.google.com/maps?hl=pt-PT&q=Rua+do+Sol+ao+Rato,+9C,+Lisboa,+Portugal&ie=UTF8&z=16&iwloc=cent", "fotos": [2, 3, 5, 6], "nome": "MAC sol ao rato", "cidade": "Lisboa", "rua": "Rua do Sol ao Rato, 9C", "descricao": "", "telefone": "213850789", "email": "mac@movimentoartecontemporanea.com", "cod_postal": "1250-260"}}, {"pk": 5, "model": "galeria.staff", "fields": {"foto": 40, "funcao": "Director e Coordenador", "email": "", "telefone": "", "nome": "\u00c1lvaro Lobato de Faria"}}, {"pk": 7, "model": "galeria.staff", "fields": {"foto": 38, "funcao": "", "email": "", "telefone": "", "nome": "Andreia Pereira"}}, {"pk": 8, "model": "galeria.staff", "fields": {"foto": 39, "funcao": "", "email": "", "telefone": "", "nome": "Joana Gomes"}}, {"pk": 24, "model": "galeria.staff", "fields": {"foto": 48, "funcao": "Pintora", "email": "", "telefone": "", "nome": "Maria Jo\u00e3o Franco"}}, {"pk": 6, "model": "galeria.staff", "fields": {"foto": 42, "funcao": "Director", "email": "", "telefone": "", "nome": "Zeferino Silva"}}, {"pk": 64, "model": "galeria.premiado", "fields": {"foto": null, "profissao": "", "nome": "\"Cartaz das Artes\" - TVI"}}, {"pk": 51, "model": "galeria.premiado", "fields": {"foto": null, "profissao": "", "nome": "\"Entre N\u00f3s\" - Universidade Aberta"}}, {"pk": 79, "model": "galeria.premiado", "fields": {"foto": null, "profissao": "Jornal", "nome": "A\u00e7oriano Oriental"}}, {"pk": 44, "model": "galeria.premiado", "fields": {"foto": null, "profissao": "", "nome": "Adelina S\u00e1 Carvalho"}}, {"pk": 12, "model": "galeria.premiado", "fields": {"foto": null, "profissao": "", "nome": "Agenda Cultural - CML"}}, {"pk": 29, "model": "galeria.premiado", "fields": {"foto": null, "profissao": "", "nome": "AGFA"}}, {"pk": 40, "model": "galeria.premiado", "fields": {"foto": null, "profissao": "Artista Pl\u00e1stico", "nome": "Alberto Cedr\u00f3n"}}, {"pk": 39, "model": "galeria.premiado", "fields": {"foto": null, "profissao": "Joalheiro", "nome": "Alberto Gordillo"}}, {"pk": 35, "model": "galeria.premiado", "fields": {"foto": null, "profissao": "", "nome": "Aldina Batista"}}, {"pk": 31, "model": "galeria.premiado", "fields": {"foto": null, "profissao": "Pintor", "nome": "Alexandre Fisga"}}, {"pk": 42, "model": "galeria.premiado", "fields": {"foto": null, "profissao": "Pintor", "nome": "Alfred Opitz"}}, {"pk": 17, "model": "galeria.premiado", "fields": {"foto": null, "profissao": "Pintor", "nome": "Ant\u00f3nio Carmo"}}, {"pk": 75, "model": "galeria.premiado", "fields": {"foto": 67, "profissao": "Realizador", "nome": "Ant\u00f3nio Lopes da Silva"}}, {"pk": 2, "model": "galeria.premiado", "fields": {"foto": null, "profissao": "Pintor", "nome": "Artur Bual"}}, {"pk": 33, "model": "galeria.premiado", "fields": {"foto": null, "profissao": "", "nome": "B\u00e1rbara Guimar\u00e3es"}}, {"pk": 10, "model": "galeria.premiado", "fields": {"foto": null, "profissao": "Jornalista", "nome": "B\u00e1rbara Guimar\u00e3es _ 1\u00aa Fila"}}, {"pk": 13, "model": "galeria.premiado", "fields": {"foto": null, "profissao": "", "nome": "Beltr\u00e3o Coelho, Lda"}}, {"pk": 47, "model": "galeria.premiado", "fields": {"foto": null, "profissao": "", "nome": "Carlos Ver\u00edssimo"}}, {"pk": 21, "model": "galeria.premiado", "fields": {"foto": null, "profissao": "", "nome": "Casa Jardim"}}, {"pk": 6, "model": "galeria.premiado", "fields": {"foto": null, "profissao": "Pintora", "nome": "Concei\u00e7\u00e3o Vald\u00e1gua"}}, {"pk": 8, "model": "galeria.premiado", "fields": {"foto": null, "profissao": "Jornal Di\u00e1rio", "nome": "Correio da Manh\u00e3"}}, {"pk": 20, "model": "galeria.premiado", "fields": {"foto": null, "profissao": "Jornalista", "nome": "Dina Aguiar"}}, {"pk": 56, "model": "galeria.premiado", "fields": {"foto": null, "profissao": "", "nome": "Domingos Lobato de Faria"}}, {"pk": 45, "model": "galeria.premiado", "fields": {"foto": null, "profissao": "", "nome": "Dulce Varela - OL\u00c1 Seman\u00e1rio"}}, {"pk": 16, "model": "galeria.premiado", "fields": {"foto": null, "profissao": "Escultora", "nome": "Eduarda Filh\u00f3"}}, {"pk": 57, "model": "galeria.premiado", "fields": {"foto": null, "profissao": "", "nome": "Elisa Antunes - \"Entre N\u00f3s\""}}, {"pk": 70, "model": "galeria.premiado", "fields": {"foto": null, "profissao": "", "nome": "Elsa Rodrigues dos Santos"}}, {"pk": 36, "model": "galeria.premiado", "fields": {"foto": null, "profissao": "", "nome": "Fernando Matos - AGFA"}}, {"pk": 30, "model": "galeria.premiado", "fields": {"foto": null, "profissao": "Pintor", "nome": "Figueiredo Sobral"}}, {"pk": 63, "model": "galeria.premiado", "fields": {"foto": 65, "profissao": "Jornalista", "nome": "Filipa Faria"}}, {"pk": 49, "model": "galeria.premiado", "fields": {"foto": null, "profissao": "Pintora", "nome": "Graciete Rosa Rosa"}}, {"pk": 18, "model": "galeria.premiado", "fields": {"foto": null, "profissao": "Pintora", "nome": "Gracinda Candeias"}}, {"pk": 5, "model": "galeria.premiado", "fields": {"foto": null, "profissao": "", "nome": "Grupo Humos - Carmo P\u00f3lvora, Lu\u00edsa Nogueira, Jo\u00e3o Duarte"}}, {"pk": 46, "model": "galeria.premiado", "fields": {"foto": null, "profissao": "", "nome": "Helder Antunes - \"Regi\u00f5es\""}}, {"pk": 24, "model": "galeria.premiado", "fields": {"foto": null, "profissao": "Pintora", "nome": "Helena San Payo"}}, {"pk": 14, "model": "galeria.premiado", "fields": {"foto": null, "profissao": "", "nome": "Helsinn"}}, {"pk": 3, "model": "galeria.premiado", "fields": {"foto": 76, "profissao": "Pintor", "nome": "Hil\u00e1rio Teixeira Lopes"}}, {"pk": 67, "model": "galeria.premiado", "fields": {"foto": null, "profissao": "Pintor", "nome": "Jo\u00e3o Abreu"}}, {"pk": 77, "model": "galeria.premiado", "fields": {"foto": null, "profissao": "Director do Museu Gulbenkian", "nome": "Jo\u00e3o Castel-Branco"}}, {"pk": 4, "model": "galeria.premiado", "fields": {"foto": null, "profissao": "Escultor", "nome": "Jo\u00e3o Duarte"}}, {"pk": 41, "model": "galeria.premiado", "fields": {"foto": null, "profissao": "Escultor", "nome": "Jo\u00e3o Igl\u00e9sias"}}, {"pk": 11, "model": "galeria.premiado", "fields": {"foto": null, "profissao": "", "nome": "Jo\u00e3o Murillo"}}, {"pk": 68, "model": "galeria.premiado", "fields": {"foto": null, "profissao": "", "nome": "Jo\u00e3o Paulo Sacadura"}}, {"pk": 37, "model": "galeria.premiado", "fields": {"foto": null, "profissao": "", "nome": "Jornal Regional \"Di\u00e1rio do Sul\""}}, {"pk": 26, "model": "galeria.premiado", "fields": {"foto": null, "profissao": "Pintor", "nome": "Juan Sanchez Lopez"}}, {"pk": 62, "model": "galeria.premiado", "fields": {"foto": null, "profissao": "Escultora", "nome": "Leonor Pego"}}, {"pk": 61, "model": "galeria.premiado", "fields": {"foto": null, "profissao": "Pintora", "nome": "Lourdes Leite"}}, {"pk": 83, "model": "galeria.premiado", "fields": {"foto": 72, "profissao": "Conselheiro Cultural", "nome": "Lu\u00eds Mendes Machado"}}, {"pk": 25, "model": "galeria.premiado", "fields": {"foto": null, "profissao": "Pintora", "nome": "Lu\u00edsa Nogueira"}}, {"pk": 81, "model": "galeria.premiado", "fields": {"foto": 71, "profissao": "", "nome": "Luna Ribeiro"}}, {"pk": 80, "model": "galeria.premiado", "fields": {"foto": 69, "profissao": "Jornalista", "nome": "Margarida Neves Pereira"}}, {"pk": 65, "model": "galeria.premiado", "fields": {"foto": null, "profissao": "Pintora", "nome": "Maria Jo\u00e3o Franco"}}, {"pk": 15, "model": "galeria.premiado", "fields": {"foto": null, "profissao": "Escultora", "nome": "Maria Manuela Madureira"}}, {"pk": 38, "model": "galeria.premiado", "fields": {"foto": null, "profissao": "", "nome": "Maria Ol\u00edvia Diniz Sampaio"}}, {"pk": 23, "model": "galeria.premiado", "fields": {"foto": null, "profissao": "Pintora", "nome": "Mar\u00edlia Viegas"}}, {"pk": 22, "model": "galeria.premiado", "fields": {"foto": null, "profissao": "Pintora", "nome": "Matilde Mar\u00e7al"}}, {"pk": 72, "model": "galeria.premiado", "fields": {"foto": null, "profissao": "Pintor", "nome": "Miguel Barros"}}, {"pk": 27, "model": "galeria.premiado", "fields": {"foto": null, "profissao": "Pintor", "nome": "Miguel Emanuel"}}, {"pk": 50, "model": "galeria.premiado", "fields": {"foto": null, "profissao": "Pintora", "nome": "Mira Sousa Dias"}}, {"pk": 34, "model": "galeria.premiado", "fields": {"foto": null, "profissao": "", "nome": "M\u00f3nica Galamba"}}, {"pk": 76, "model": "galeria.premiado", "fields": {"foto": null, "profissao": "", "nome": "Museu do Azulejo"}}, {"pk": 78, "model": "galeria.premiado", "fields": {"foto": null, "profissao": "Pintor", "nome": "Nelson Dias"}}, {"pk": 74, "model": "galeria.premiado", "fields": {"foto": 77, "profissao": "", "nome": "Niram Art Magazine"}}, {"pk": 55, "model": "galeria.premiado", "fields": {"foto": null, "profissao": "Pintor", "nome": "Nuno Castelo Branco"}}, {"pk": 32, "model": "galeria.premiado", "fields": {"foto": null, "profissao": "", "nome": "OL\u00c1 Seman\u00e1rio"}}, {"pk": 28, "model": "galeria.premiado", "fields": {"foto": null, "profissao": "Pintor", "nome": "Onik Sahakian"}}, {"pk": 54, "model": "galeria.premiado", "fields": {"foto": null, "profissao": "escultor", "nome": "Pedro Ramos"}}, {"pk": 53, "model": "galeria.premiado", "fields": {"foto": null, "profissao": "", "nome": "Raquel Santos"}}, {"pk": 1, "model": "galeria.premiado", "fields": {"foto": null, "profissao": "Pintor", "nome": "Ricardo Paula"}}, {"pk": 66, "model": "galeria.premiado", "fields": {"foto": 75, "profissao": "Pintor", "nome": "Roberto Chichorro"}}, {"pk": 60, "model": "galeria.premiado", "fields": {"foto": null, "profissao": "Fot\u00f3grafa", "nome": "Rosa Reis"}}, {"pk": 58, "model": "galeria.premiado", "fields": {"foto": null, "profissao": "", "nome": "RTP"}}, {"pk": 19, "model": "galeria.premiado", "fields": {"foto": null, "profissao": "", "nome": "RTP - \"Pa\u00eds Pa\u00eds\" e \"Pa\u00eds Regi\u00f5es\""}}, {"pk": 43, "model": "galeria.premiado", "fields": {"foto": null, "profissao": "", "nome": "RTP - \"Regi\u00f5es\""}}, {"pk": 48, "model": "galeria.premiado", "fields": {"foto": null, "profissao": "Escultura", "nome": "Rui Vasquez"}}, {"pk": 82, "model": "galeria.premiado", "fields": {"foto": 73, "profissao": "", "nome": "Sec\u00e7\u00e3o de Investiga\u00e7\u00e3o e de Estudos Volte Face - Medalha Contempor\u00e2nea"}}, {"pk": 59, "model": "galeria.premiado", "fields": {"foto": null, "profissao": "M\u00fasico", "nome": "Silvestre Fonseca"}}, {"pk": 69, "model": "galeria.premiado", "fields": {"foto": null, "profissao": "", "nome": "Sociedade da L\u00edngua Portuguesa"}}, {"pk": 7, "model": "galeria.premiado", "fields": {"foto": null, "profissao": "Pintora", "nome": "Ta\u00eda Aguiar"}}, {"pk": 73, "model": "galeria.premiado", "fields": {"foto": 74, "profissao": "Pintora", "nome": "Teresa Mendon\u00e7a"}}, {"pk": 9, "model": "galeria.premiado", "fields": {"foto": null, "profissao": "Televis\u00e3o Privada", "nome": "TVI"}}, {"pk": 52, "model": "galeria.premiado", "fields": {"foto": null, "profissao": "", "nome": "V\u00edtor Almeida - \"Entre N\u00f3s\""}}, {"pk": 71, "model": "galeria.premiado", "fields": {"foto": null, "profissao": "", "nome": "Zeferino Cardoso Silva"}}, {"pk": 14, "model": "galeria.aniversario", "fields": {"fotos": [], "trofeu": 257, "convite": "", "catalogo": "", "data": "1997-07-01", "descricao": "3\u00ba Anivers\u00e1rio do MAC"}}, {"pk": 15, "model": "galeria.aniversario", "fields": {"fotos": [], "trofeu": 257, "convite": "convites/4_aniversario_mac_1998_convite.pdf", "catalogo": "catalogos/4_aniversario_mac_1998_catalogo.pdf", "data": "1998-07-16", "descricao": "4\u00ba Anivers\u00e1rio do MAC"}}, {"pk": 16, "model": "galeria.aniversario", "fields": {"fotos": [], "trofeu": 257, "convite": "convites/5_aniversario_mac_1999_convite.pdf", "catalogo": "catalogos/5_aniversario_mac_1999_catalogo.pdf", "data": "1999-07-06", "descricao": "5\u00ba Anivers\u00e1rio do MAC"}}, {"pk": 6, "model": "galeria.aniversario", "fields": {"fotos": [], "trofeu": 193, "convite": "convites/6_aniversario_mac_2000_convite.pdf", "catalogo": "", "data": "2000-07-04", "descricao": "6\u00ba Anivers\u00e1rio do MAC"}}, {"pk": 7, "model": "galeria.aniversario", "fields": {"fotos": [], "trofeu": 193, "convite": "convites/7_aniversario_mac_2001_convite.pdf", "catalogo": "catalogos/7_aniversario_mac_2001_catalogo.pdf", "data": "2001-07-03", "descricao": "7\u00ba Anivers\u00e1rio do MAC"}}, {"pk": 8, "model": "galeria.aniversario", "fields": {"fotos": [], "trofeu": 193, "convite": "convites/8_aniversario_mac_2002_convite.pdf", "catalogo": "catalogos/8_aniversario_mac_2002_catalogo.pdf", "data": "2002-07-16", "descricao": "8\u00ba Anivers\u00e1rio do MAC"}}, {"pk": 9, "model": "galeria.aniversario", "fields": {"fotos": [], "trofeu": 196, "convite": "convites/9_aniversario_mac_2003_convite.pdf", "catalogo": "catalogos/9_aniversario_mac_2003_catalogo.pdf", "data": "2003-07-01", "descricao": "9\u00ba Anivers\u00e1rio do MAC"}}, {"pk": 10, "model": "galeria.aniversario", "fields": {"fotos": [], "trofeu": 196, "convite": "convites/10_aniversario_mac_2004_convite.pdf", "catalogo": "catalogos/10_aniversario_mac_2004_catalogo.pdf", "data": "2004-06-29", "descricao": "10\u00ba Anivers\u00e1rio do MAC"}}, {"pk": 11, "model": "galeria.aniversario", "fields": {"fotos": [], "trofeu": 196, "convite": "convites/11_aniversario_mac_2005_convite.pdf", "catalogo": "catalogos/11_aniversario_mac_2005_catalogo.pdf", "data": "2005-06-30", "descricao": "11\u00ba Anivers\u00e1rio do MAC"}}, {"pk": 17, "model": "galeria.aniversario", "fields": {"fotos": [], "trofeu": 258, "convite": "convites/12_aniversario_mac_2006_convite.pdf", "catalogo": "catalogos/12_aniversario_mac_2006_catalogo.pdf", "data": "2006-07-04", "descricao": "12\u00ba Anivers\u00e1rio do MAC"}}, {"pk": 18, "model": "galeria.aniversario", "fields": {"fotos": [], "trofeu": 258, "convite": "convites/13_aniversario_mac_2007_convite.pdf", "catalogo": "catalogos/13_aniversario_mac_2007_catalogo.pdf", "data": "2007-07-03", "descricao": "13\u00ba Anivers\u00e1rio do MAC"}}, {"pk": 19, "model": "galeria.aniversario", "fields": {"fotos": [], "trofeu": 259, "convite": "convites/14_aniversario_mac_2008_convite.pdf", "catalogo": "catalogos/14_aniversario_mac_2008_catalogo.pdf", "data": "2008-07-01", "descricao": "14\u00ba Anivers\u00e1rio do MAC"}}, {"pk": 60, "model": "galeria.premio", "fields": {"foto": null, "aniversario": 6, "premiado": 1, "descricao": "", "nome": "MAC`00"}}, {"pk": 61, "model": "galeria.premio", "fields": {"foto": null, "aniversario": 6, "premiado": 30, "descricao": "", "nome": "MAC`00 Carreira"}}, {"pk": 71, "model": "galeria.premio", "fields": {"foto": null, "aniversario": 6, "premiado": 35, "descricao": "", "nome": "MAC`00 Colabora\u00e7\u00e3o"}}, {"pk": 72, "model": "galeria.premio", "fields": {"foto": null, "aniversario": 6, "premiado": 36, "descricao": "", "nome": "MAC`00 Colabora\u00e7\u00e3o"}}, {"pk": 68, "model": "galeria.premio", "fields": {"foto": null, "aniversario": 6, "premiado": 32, "descricao": "", "nome": "MAC`00 Colabora\u00e7\u00e3o Revista"}}, {"pk": 62, "model": "galeria.premio", "fields": {"foto": null, "aniversario": 6, "premiado": 17, "descricao": "", "nome": "MAC`00 Especial"}}, {"pk": 67, "model": "galeria.premio", "fields": {"foto": null, "aniversario": 6, "premiado": 8, "descricao": "", "nome": "MAC`00 Imprensa"}}, {"pk": 66, "model": "galeria.premio", "fields": {"foto": null, "aniversario": 6, "premiado": 26, "descricao": "", "nome": "MAC`00 Internacional"}}, {"pk": 63, "model": "galeria.premio", "fields": {"foto": null, "aniversario": 6, "premiado": 15, "descricao": "", "nome": "MAC`00 M\u00e9rito Escultura"}}, {"pk": 64, "model": "galeria.premio", "fields": {"foto": null, "aniversario": 6, "premiado": 4, "descricao": "", "nome": "MAC`00 M\u00e9rito Medalha"}}, {"pk": 73, "model": "galeria.premio", "fields": {"foto": null, "aniversario": 6, "premiado": 1, "descricao": "", "nome": "MAC`00 Popularidade"}}, {"pk": 69, "model": "galeria.premio", "fields": {"foto": null, "aniversario": 6, "premiado": 33, "descricao": "", "nome": "MAC`00 R\u00e1dio Jornalismo"}}, {"pk": 70, "model": "galeria.premio", "fields": {"foto": null, "aniversario": 6, "premiado": 34, "descricao": "", "nome": "Mac`00 R\u00e1dio Produ\u00e7\u00e3o"}}, {"pk": 65, "model": "galeria.premio", "fields": {"foto": null, "aniversario": 6, "premiado": 31, "descricao": "", "nome": "MAC`00 Revela\u00e7\u00e3o"}}, {"pk": 79, "model": "galeria.premio", "fields": {"foto": null, "aniversario": 7, "premiado": 40, "descricao": "", "nome": "MAC`01 Carreira"}}, {"pk": 86, "model": "galeria.premio", "fields": {"foto": null, "aniversario": 7, "premiado": 35, "descricao": "", "nome": "MAC`01 Colabora\u00e7\u00e3o"}}, {"pk": 87, "model": "galeria.premio", "fields": {"foto": null, "aniversario": 7, "premiado": 36, "descricao": "", "nome": "MAC`01 Colabora\u00e7\u00e3o"}}, {"pk": 88, "model": "galeria.premio", "fields": {"foto": null, "aniversario": 7, "premiado": 44, "descricao": "", "nome": "MAC`01 Colabora\u00e7\u00e3o"}}, {"pk": 82, "model": "galeria.premio", "fields": {"foto": null, "aniversario": 7, "premiado": 8, "descricao": "", "nome": "MAC`01 Imprensa"}}, {"pk": 83, "model": "galeria.premio", "fields": {"foto": null, "aniversario": 7, "premiado": 32, "descricao": "", "nome": "MAC`01 Imprensa"}}, {"pk": 81, "model": "galeria.premio", "fields": {"foto": null, "aniversario": 7, "premiado": 42, "descricao": "", "nome": "MAC`01 Internacional"}}, {"pk": 77, "model": "galeria.premio", "fields": {"foto": null, "aniversario": 7, "premiado": 39, "descricao": "", "nome": "MAC`01 Joalharia"}}, {"pk": 85, "model": "galeria.premio", "fields": {"foto": null, "aniversario": 7, "premiado": 20, "descricao": "", "nome": "MAC`01 Jornalista Televis\u00e3o"}}, {"pk": 76, "model": "galeria.premio", "fields": {"foto": null, "aniversario": 7, "premiado": 25, "descricao": "", "nome": "MAC`01 Pintura"}}, {"pk": 78, "model": "galeria.premio", "fields": {"foto": null, "aniversario": 7, "premiado": 3, "descricao": "", "nome": "MAC`01 Prest\u00edgio"}}, {"pk": 80, "model": "galeria.premio", "fields": {"foto": null, "aniversario": 7, "premiado": 41, "descricao": "", "nome": "MAC`01 Revela\u00e7\u00e3o"}}, {"pk": 84, "model": "galeria.premio", "fields": {"foto": null, "aniversario": 7, "premiado": 43, "descricao": "", "nome": "MAC`01 Televis\u00e3o"}}, {"pk": 89, "model": "galeria.premio", "fields": {"foto": null, "aniversario": 8, "premiado": 26, "descricao": "", "nome": "MAC`02"}}, {"pk": 92, "model": "galeria.premio", "fields": {"foto": null, "aniversario": 8, "premiado": 4, "descricao": "", "nome": "MAC`02 Carreira"}}, {"pk": 96, "model": "galeria.premio", "fields": {"foto": null, "aniversario": 8, "premiado": 47, "descricao": "", "nome": "MAC`02 Colabora\u00e7\u00e3o"}}, {"pk": 93, "model": "galeria.premio", "fields": {"foto": null, "aniversario": 8, "premiado": 45, "descricao": "", "nome": "MAC`02 Imprensa"}}, {"pk": 91, "model": "galeria.premio", "fields": {"foto": null, "aniversario": 8, "premiado": 41, "descricao": "", "nome": "MAC`02 Inova\u00e7\u00e3o Escultura"}}, {"pk": 95, "model": "galeria.premio", "fields": {"foto": null, "aniversario": 8, "premiado": 46, "descricao": "", "nome": "MAC`02 Jornalista TV"}}, {"pk": 90, "model": "galeria.premio", "fields": {"foto": null, "aniversario": 8, "premiado": 3, "descricao": "", "nome": "MAC`02 Pintura"}}, {"pk": 94, "model": "galeria.premio", "fields": {"foto": null, "aniversario": 8, "premiado": 43, "descricao": "", "nome": "MAC`02 Televis\u00e3o"}}, {"pk": 102, "model": "galeria.premio", "fields": {"foto": null, "aniversario": 9, "premiado": 25, "descricao": "", "nome": "MAC`03 Carreira"}}, {"pk": 103, "model": "galeria.premio", "fields": {"foto": null, "aniversario": 9, "premiado": 39, "descricao": "", "nome": "MAC`03 Carreira"}}, {"pk": 106, "model": "galeria.premio", "fields": {"foto": null, "aniversario": 9, "premiado": 52, "descricao": "", "nome": "MAC`03 Coordena\u00e7\u00e3o e Did\u00e1tica"}}, {"pk": 98, "model": "galeria.premio", "fields": {"foto": null, "aniversario": 9, "premiado": 48, "descricao": "", "nome": "MAC`03 Escultura"}}, {"pk": 99, "model": "galeria.premio", "fields": {"foto": null, "aniversario": 9, "premiado": 39, "descricao": "", "nome": "MAC`03 Joalharia/Escultura"}}, {"pk": 107, "model": "galeria.premio", "fields": {"foto": null, "aniversario": 9, "premiado": 53, "descricao": "", "nome": "MAC`03 Jornalista Televis\u00e3o"}}, {"pk": 97, "model": "galeria.premio", "fields": {"foto": null, "aniversario": 9, "premiado": 1, "descricao": "", "nome": "MAC`03 Pintura"}}, {"pk": 101, "model": "galeria.premio", "fields": {"foto": null, "aniversario": 9, "premiado": 4, "descricao": "", "nome": "MAC`03 Prest\u00edgio"}}, {"pk": 105, "model": "galeria.premio", "fields": {"foto": null, "aniversario": 9, "premiado": 51, "descricao": "", "nome": "MAC`03 Programa Cultural Telvis\u00e3o"}}, {"pk": 104, "model": "galeria.premio", "fields": {"foto": null, "aniversario": 9, "premiado": 50, "descricao": "", "nome": "MAC`03 Revela\u00e7\u00e3o"}}, {"pk": 100, "model": "galeria.premio", "fields": {"foto": null, "aniversario": 9, "premiado": 49, "descricao": "", "nome": "MAC`03 Tape\u00e7aria"}}, {"pk": 112, "model": "galeria.premio", "fields": {"foto": null, "aniversario": 10, "premiado": 23, "descricao": "", "nome": "MAC`04 Carreira"}}, {"pk": 122, "model": "galeria.premio", "fields": {"foto": null, "aniversario": 10, "premiado": 20, "descricao": "", "nome": "MAC`04 Colabora\u00e7\u00e3o Jornalista Televis\u00e3o - 10 anos"}}, {"pk": 121, "model": "galeria.premio", "fields": {"foto": null, "aniversario": 10, "premiado": 58, "descricao": "", "nome": "MAC`04 Colabora\u00e7\u00e3o Televis\u00e3o - 10 anos"}}, {"pk": 109, "model": "galeria.premio", "fields": {"foto": null, "aniversario": 10, "premiado": 54, "descricao": "", "nome": "MAC`04 Escultura"}}, {"pk": 113, "model": "galeria.premio", "fields": {"foto": null, "aniversario": 10, "premiado": 1, "descricao": "", "nome": "MAC`04 Fundador"}}, {"pk": 116, "model": "galeria.premio", "fields": {"foto": null, "aniversario": 10, "premiado": 56, "descricao": "", "nome": "MAC`04 Homenagem"}}, {"pk": 115, "model": "galeria.premio", "fields": {"foto": null, "aniversario": 10, "premiado": 26, "descricao": "", "nome": "MAC`04 Internacional"}}, {"pk": 118, "model": "galeria.premio", "fields": {"foto": null, "aniversario": 10, "premiado": 53, "descricao": "", "nome": "MAC`04 Jornalista Televis\u00e3o"}}, {"pk": 123, "model": "galeria.premio", "fields": {"foto": null, "aniversario": 10, "premiado": 59, "descricao": "", "nome": "MAc`04 M\u00fasico do Ano"}}, {"pk": 108, "model": "galeria.premio", "fields": {"foto": null, "aniversario": 10, "premiado": 1, "descricao": "", "nome": "MAC`04 Pintura"}}, {"pk": 110, "model": "galeria.premio", "fields": {"foto": null, "aniversario": 10, "premiado": 4, "descricao": "", "nome": "MAC`04 Prest\u00edgio"}}, {"pk": 111, "model": "galeria.premio", "fields": {"foto": null, "aniversario": 10, "premiado": 1, "descricao": "", "nome": "MAC`04 Prest\u00edgio"}}, {"pk": 117, "model": "galeria.premio", "fields": {"foto": null, "aniversario": 10, "premiado": 51, "descricao": "", "nome": "MAC`04 Programa Cultural Televis\u00e3o"}}, {"pk": 119, "model": "galeria.premio", "fields": {"foto": null, "aniversario": 10, "premiado": 57, "descricao": "", "nome": "MAc`04 Realizador Programa Cultural Televis\u00e3o"}}, {"pk": 114, "model": "galeria.premio", "fields": {"foto": null, "aniversario": 10, "premiado": 55, "descricao": "", "nome": "MAC`04 Revela\u00e7\u00e3o"}}, {"pk": 120, "model": "galeria.premio", "fields": {"foto": null, "aniversario": 10, "premiado": 52, "descricao": "", "nome": "MAC`04 Tecn\u00f3logo Educativo"}}, {"pk": 128, "model": "galeria.premio", "fields": {"foto": null, "aniversario": 11, "premiado": 61, "descricao": "", "nome": "MAC`05 Carreira"}}, {"pk": 126, "model": "galeria.premio", "fields": {"foto": null, "aniversario": 11, "premiado": 60, "descricao": "", "nome": "MAC`05 Fotografia"}}, {"pk": 129, "model": "galeria.premio", "fields": {"foto": null, "aniversario": 11, "premiado": 30, "descricao": "", "nome": "MAC`05 Honor\u00e1rio"}}, {"pk": 133, "model": "galeria.premio", "fields": {"foto": null, "aniversario": 11, "premiado": 63, "descricao": "", "nome": "MAC`05 Jornalismo Divulga\u00e7\u00e3o Cultural Televis\u00e3o"}}, {"pk": 132, "model": "galeria.premio", "fields": {"foto": null, "aniversario": 11, "premiado": 53, "descricao": "", "nome": "MAC`05 Jornalista Televis\u00e3o"}}, {"pk": 125, "model": "galeria.premio", "fields": {"foto": null, "aniversario": 11, "premiado": 4, "descricao": "", "nome": "MAC`05 Medalha"}}, {"pk": 124, "model": "galeria.premio", "fields": {"foto": null, "aniversario": 11, "premiado": 25, "descricao": "", "nome": "MAC`05 Pintura"}}, {"pk": 127, "model": "galeria.premio", "fields": {"foto": null, "aniversario": 11, "premiado": 1, "descricao": "", "nome": "MAC`05 Prest\u00edgio"}}, {"pk": 131, "model": "galeria.premio", "fields": {"foto": null, "aniversario": 11, "premiado": 51, "descricao": "", "nome": "MAC`05 Programa Cultural Televis\u00e3o"}}, {"pk": 134, "model": "galeria.premio", "fields": {"foto": null, "aniversario": 11, "premiado": 64, "descricao": "", "nome": "MAC`05 Programa Cultural Televis\u00e3o"}}, {"pk": 130, "model": "galeria.premio", "fields": {"foto": null, "aniversario": 11, "premiado": 62, "descricao": "", "nome": "MAC`05 Revela\u00e7\u00e3o"}}, {"pk": 135, "model": "galeria.premio", "fields": {"foto": null, "aniversario": 11, "premiado": 52, "descricao": "", "nome": "MAC`05 Tecn\u00f3logo Educativo"}}, {"pk": 146, "model": "galeria.premio", "fields": {"foto": null, "aniversario": 17, "premiado": 68, "descricao": "", "nome": "MAC`06 Apresentador Programa Cultural Televis\u00e3o"}}, {"pk": 138, "model": "galeria.premio", "fields": {"foto": null, "aniversario": 17, "premiado": 65, "descricao": "", "nome": "MAC`06 Carreira"}}, {"pk": 139, "model": "galeria.premio", "fields": {"foto": null, "aniversario": 17, "premiado": 66, "descricao": "", "nome": "MAC`06 Carreira"}}, {"pk": 137, "model": "galeria.premio", "fields": {"foto": null, "aniversario": 17, "premiado": 4, "descricao": "", "nome": "MAC`06 Escultura"}}, {"pk": 144, "model": "galeria.premio", "fields": {"foto": null, "aniversario": 17, "premiado": 63, "descricao": "", "nome": "MAC`06 Jornalismo Divulga\u00e7\u00e3o Cultural Televis\u00e3o"}}, {"pk": 143, "model": "galeria.premio", "fields": {"foto": null, "aniversario": 17, "premiado": 53, "descricao": "", "nome": "MAC`06 Jornalista Televis\u00e3o"}}, {"pk": 140, "model": "galeria.premio", "fields": {"foto": null, "aniversario": 17, "premiado": 30, "descricao": "", "nome": "MAC`06 M\u00e9rito e Excel\u00eancia"}}, {"pk": 141, "model": "galeria.premio", "fields": {"foto": null, "aniversario": 17, "premiado": 67, "descricao": "", "nome": "MAC`06 M\u00e9rito Pintura"}}, {"pk": 136, "model": "galeria.premio", "fields": {"foto": null, "aniversario": 17, "premiado": 1, "descricao": "", "nome": "MAC`06 Pintura"}}, {"pk": 142, "model": "galeria.premio", "fields": {"foto": null, "aniversario": 17, "premiado": 51, "descricao": "", "nome": "MAC`06 Programa Cultural Televis\u00e3o"}}, {"pk": 145, "model": "galeria.premio", "fields": {"foto": null, "aniversario": 17, "premiado": 64, "descricao": "", "nome": "MAC`06 Programa Cultural Televis\u00e3o"}}, {"pk": 147, "model": "galeria.premio", "fields": {"foto": null, "aniversario": 17, "premiado": 52, "descricao": "", "nome": "MAC`06 Tecn\u00f3logo Educativo"}}, {"pk": 160, "model": "galeria.premio", "fields": {"foto": null, "aniversario": 18, "premiado": 68, "descricao": "", "nome": "MAC`07 Apresentador Programa Divulga\u00e7\u00e3o Cultural Televis\u00e3o"}}, {"pk": 153, "model": "galeria.premio", "fields": {"foto": null, "aniversario": 18, "premiado": 17, "descricao": "", "nome": "MAC`07 Carreira"}}, {"pk": 155, "model": "galeria.premio", "fields": {"foto": null, "aniversario": 18, "premiado": 25, "descricao": "", "nome": "MAC`07 Honor\u00e1rio"}}, {"pk": 157, "model": "galeria.premio", "fields": {"foto": null, "aniversario": 18, "premiado": 74, "descricao": "", "nome": "MAC`07 Imprensa"}}, {"pk": 162, "model": "galeria.premio", "fields": {"foto": null, "aniversario": 18, "premiado": 76, "descricao": "", "nome": "MAC`07 Institui\u00e7\u00e3o Cultural"}}, {"pk": 158, "model": "galeria.premio", "fields": {"foto": null, "aniversario": 18, "premiado": 63, "descricao": "", "nome": "MAC`07 Jornalismo Divlga\u00e7\u00e3o Cultural Televis\u00e3o"}}, {"pk": 154, "model": "galeria.premio", "fields": {"foto": null, "aniversario": 18, "premiado": 72, "descricao": "", "nome": "MAC`07 M\u00e9rito Pintura"}}, {"pk": 163, "model": "galeria.premio", "fields": {"foto": null, "aniversario": 18, "premiado": 77, "descricao": "", "nome": "MAC`07 Personalidade M\u00e9rito Cultural"}}, {"pk": 151, "model": "galeria.premio", "fields": {"foto": null, "aniversario": 18, "premiado": 1, "descricao": "", "nome": "MAC`07 Pintura"}}, {"pk": 152, "model": "galeria.premio", "fields": {"foto": null, "aniversario": 18, "premiado": 65, "descricao": "", "nome": "MAC`07 Prest\u00edgio"}}, {"pk": 159, "model": "galeria.premio", "fields": {"foto": null, "aniversario": 18, "premiado": 64, "descricao": "", "nome": "MAC`07 Programa Divulga\u00e7\u00e3o Cultural Televis\u00e3o"}}, {"pk": 161, "model": "galeria.premio", "fields": {"foto": null, "aniversario": 18, "premiado": 75, "descricao": "", "nome": "MAC`07 Realizador Programa Cultural Televis\u00e3o"}}, {"pk": 156, "model": "galeria.premio", "fields": {"foto": null, "aniversario": 18, "premiado": 73, "descricao": "", "nome": "MAC`07 Revela\u00e7\u00e3o"}}, {"pk": 174, "model": "galeria.premio", "fields": {"foto": null, "aniversario": 19, "premiado": 68, "descricao": "", "nome": "MAC`08 Apresentador Programa Divulga\u00e7\u00e3o Cultural Televis\u00e3o"}}, {"pk": 177, "model": "galeria.premio", "fields": {"foto": null, "aniversario": 19, "premiado": 82, "descricao": "", "nome": "MAC`08 Cultura"}}, {"pk": 176, "model": "galeria.premio", "fields": {"foto": null, "aniversario": 19, "premiado": 81, "descricao": "", "nome": "MAC`08 Divulga\u00e7\u00e3o Cultural"}}, {"pk": 169, "model": "galeria.premio", "fields": {"foto": null, "aniversario": 19, "premiado": 3, "descricao": "", "nome": "MAC`08 Hil\u00e1rio Teixeira Lopes"}}, {"pk": 170, "model": "galeria.premio", "fields": {"foto": null, "aniversario": 19, "premiado": 79, "descricao": "", "nome": "MAC`08 Imprensa"}}, {"pk": 171, "model": "galeria.premio", "fields": {"foto": null, "aniversario": 19, "premiado": 80, "descricao": "", "nome": "MAC`08 Jornalismo Cultural Imprensa"}}, {"pk": 172, "model": "galeria.premio", "fields": {"foto": null, "aniversario": 19, "premiado": 63, "descricao": "", "nome": "MAC`08 Jornalismo Divulga\u00e7\u00e3o Cultural Televis\u00e3o"}}, {"pk": 168, "model": "galeria.premio", "fields": {"foto": null, "aniversario": 19, "premiado": 73, "descricao": "", "nome": "MAC`08 Men\u00e7\u00e3o Honrosa"}}, {"pk": 167, "model": "galeria.premio", "fields": {"foto": null, "aniversario": 19, "premiado": 78, "descricao": "", "nome": "MAC`08 M\u00e9rito e Excel\u00eancia"}}, {"pk": 178, "model": "galeria.premio", "fields": {"foto": null, "aniversario": 19, "premiado": 83, "descricao": "", "nome": "MAC`08 Personalidade Cultural"}}, {"pk": 164, "model": "galeria.premio", "fields": {"foto": null, "aniversario": 19, "premiado": 65, "descricao": "", "nome": "MAC`08 Pintura"}}, {"pk": 165, "model": "galeria.premio", "fields": {"foto": null, "aniversario": 19, "premiado": 66, "descricao": "", "nome": "MAC`08 Pintura"}}, {"pk": 166, "model": "galeria.premio", "fields": {"foto": null, "aniversario": 19, "premiado": 65, "descricao": "", "nome": "MAC`08 Prest\u00edgio"}}, {"pk": 173, "model": "galeria.premio", "fields": {"foto": null, "aniversario": 19, "premiado": 64, "descricao": "", "nome": "MAC`08 Programa Divulga\u00e7\u00e3o Cultural Televis\u00e3o"}}, {"pk": 175, "model": "galeria.premio", "fields": {"foto": null, "aniversario": 19, "premiado": 75, "descricao": "", "nome": "MAC`08 Realizador Programa Divulga\u00e7\u00e3o Cultural Televis\u00e3o"}}, {"pk": 19, "model": "galeria.premio", "fields": {"foto": null, "aniversario": 14, "premiado": 1, "descricao": "", "nome": "MAC`97"}}, {"pk": 20, "model": "galeria.premio", "fields": {"foto": null, "aniversario": 14, "premiado": 2, "descricao": "", "nome": "MAC`97 Carreira"}}, {"pk": 21, "model": "galeria.premio", "fields": {"foto": null, "aniversario": 14, "premiado": 3, "descricao": "", "nome": "MAC`97 Carreira"}}, {"pk": 32, "model": "galeria.premio", "fields": {"foto": null, "aniversario": 14, "premiado": 14, "descricao": "", "nome": "MAC`97 Cliente"}}, {"pk": 30, "model": "galeria.premio", "fields": {"foto": null, "aniversario": 14, "premiado": 12, "descricao": "", "nome": "MAC`97 Divulga\u00e7\u00e3o Cultural"}}, {"pk": 31, "model": "galeria.premio", "fields": {"foto": null, "aniversario": 14, "premiado": 13, "descricao": "", "nome": "MAC`97 Empresa"}}, {"pk": 22, "model": "galeria.premio", "fields": {"foto": null, "aniversario": 14, "premiado": 4, "descricao": "", "nome": "MAC`97 Especial"}}, {"pk": 26, "model": "galeria.premio", "fields": {"foto": null, "aniversario": 14, "premiado": 8, "descricao": "", "nome": "MAC`97 Imprensa"}}, {"pk": 25, "model": "galeria.premio", "fields": {"foto": null, "aniversario": 14, "premiado": 7, "descricao": "", "nome": "MAC`97 Internacional"}}, {"pk": 29, "model": "galeria.premio", "fields": {"foto": null, "aniversario": 14, "premiado": 11, "descricao": "", "nome": "MAC`97 Jornalismo Divulga\u00e7\u00e3o Cultural/ Televis\u00e3o "}}, {"pk": 28, "model": "galeria.premio", "fields": {"foto": null, "aniversario": 14, "premiado": 10, "descricao": "", "nome": "MAC`97 Jornalista Televis\u00e3o"}}, {"pk": 23, "model": "galeria.premio", "fields": {"foto": null, "aniversario": 14, "premiado": 5, "descricao": "", "nome": "MAC`97 M\u00e9rito"}}, {"pk": 33, "model": "galeria.premio", "fields": {"foto": null, "aniversario": 14, "premiado": 1, "descricao": "", "nome": "MAC`97 Popularidade"}}, {"pk": 24, "model": "galeria.premio", "fields": {"foto": null, "aniversario": 14, "premiado": 6, "descricao": "", "nome": "MAC`97 Revela\u00e7\u00e3o"}}, {"pk": 27, "model": "galeria.premio", "fields": {"foto": null, "aniversario": 14, "premiado": 9, "descricao": "", "nome": "MAC`97 Televis\u00e3o"}}, {"pk": 35, "model": "galeria.premio", "fields": {"foto": null, "aniversario": 15, "premiado": 15, "descricao": "", "nome": "MAC`98 Carreira"}}, {"pk": 43, "model": "galeria.premio", "fields": {"foto": null, "aniversario": 15, "premiado": 21, "descricao": "", "nome": "MAC`98 Colabora\u00e7\u00e3o"}}, {"pk": 42, "model": "galeria.premio", "fields": {"foto": null, "aniversario": 15, "premiado": 13, "descricao": "", "nome": "MAC`98 Empresa"}}, {"pk": 36, "model": "galeria.premio", "fields": {"foto": null, "aniversario": 15, "premiado": 16, "descricao": "", "nome": "MAC`98 Especial"}}, {"pk": 37, "model": "galeria.premio", "fields": {"foto": null, "aniversario": 15, "premiado": 17, "descricao": "", "nome": "MAC`98 Especial"}}, {"pk": 39, "model": "galeria.premio", "fields": {"foto": null, "aniversario": 15, "premiado": 8, "descricao": "", "nome": "MAC`98 Imprensa"}}, {"pk": 41, "model": "galeria.premio", "fields": {"foto": null, "aniversario": 15, "premiado": 20, "descricao": "", "nome": "MAC`98 Jornalista Televis\u00e3o"}}, {"pk": 38, "model": "galeria.premio", "fields": {"foto": null, "aniversario": 15, "premiado": 18, "descricao": "", "nome": "MAC`98 M\u00e9rito"}}, {"pk": 44, "model": "galeria.premio", "fields": {"foto": null, "aniversario": 15, "premiado": 1, "descricao": "", "nome": "MAC`98 Popularidade"}}, {"pk": 34, "model": "galeria.premio", "fields": {"foto": null, "aniversario": 15, "premiado": 1, "descricao": "", "nome": "MAC`98 Prest\u00edgio"}}, {"pk": 40, "model": "galeria.premio", "fields": {"foto": null, "aniversario": 15, "premiado": 19, "descricao": "", "nome": "MAC`98 Televis\u00e3o"}}, {"pk": 45, "model": "galeria.premio", "fields": {"foto": null, "aniversario": 16, "premiado": 1, "descricao": "", "nome": "MAC`99"}}, {"pk": 46, "model": "galeria.premio", "fields": {"foto": null, "aniversario": 16, "premiado": 18, "descricao": "", "nome": "MAC`99 Carreira"}}, {"pk": 58, "model": "galeria.premio", "fields": {"foto": null, "aniversario": 16, "premiado": 21, "descricao": "", "nome": "MAC`99 Colabora\u00e7\u00e3o"}}, {"pk": 57, "model": "galeria.premio", "fields": {"foto": null, "aniversario": 16, "premiado": 29, "descricao": "", "nome": "MAC`99 Empresa"}}, {"pk": 47, "model": "galeria.premio", "fields": {"foto": null, "aniversario": 16, "premiado": 22, "descricao": "", "nome": "MAC`99 Especial"}}, {"pk": 48, "model": "galeria.premio", "fields": {"foto": null, "aniversario": 16, "premiado": 23, "descricao": "", "nome": "MAC`99 Especial"}}, {"pk": 49, "model": "galeria.premio", "fields": {"foto": null, "aniversario": 16, "premiado": 24, "descricao": "", "nome": "MAC`99 Especial"}}, {"pk": 52, "model": "galeria.premio", "fields": {"foto": null, "aniversario": 16, "premiado": 3, "descricao": "", "nome": "MAC`99 Honor\u00e1rio"}}, {"pk": 54, "model": "galeria.premio", "fields": {"foto": null, "aniversario": 16, "premiado": 28, "descricao": "", "nome": "MAC`99 Internacional"}}, {"pk": 56, "model": "galeria.premio", "fields": {"foto": null, "aniversario": 16, "premiado": 20, "descricao": "", "nome": "MAC`99 Jornalismo Televis\u00e3o"}}, {"pk": 50, "model": "galeria.premio", "fields": {"foto": null, "aniversario": 16, "premiado": 25, "descricao": "", "nome": "MAC`99 M\u00e9rito - Pintura"}}, {"pk": 51, "model": "galeria.premio", "fields": {"foto": null, "aniversario": 16, "premiado": 26, "descricao": "", "nome": "MAC`99 M\u00e9rito Pintura"}}, {"pk": 59, "model": "galeria.premio", "fields": {"foto": null, "aniversario": 16, "premiado": 1, "descricao": "", "nome": "MAC`99 Popularidade"}}, {"pk": 53, "model": "galeria.premio", "fields": {"foto": null, "aniversario": 16, "premiado": 27, "descricao": "", "nome": "MAC`99 Promissor"}}, {"pk": 55, "model": "galeria.premio", "fields": {"foto": null, "aniversario": 16, "premiado": 19, "descricao": "", "nome": "MAC`99 Televis\u00e3o"}}, {"pk": 148, "model": "galeria.premio", "fields": {"foto": null, "aniversario": 17, "premiado": 69, "descricao": "", "nome": "Medalha de M\u00e9rito - Institui\u00e7\u00e3o Cultural"}}, {"pk": 150, "model": "galeria.premio", "fields": {"foto": null, "aniversario": 17, "premiado": 71, "descricao": "", "nome": "Medalha de M\u00e9rito - Melhor Colabora\u00e7\u00e3o MAC"}}, {"pk": 149, "model": "galeria.premio", "fields": {"foto": null, "aniversario": 17, "premiado": 70, "descricao": "", "nome": "Medalha de M\u00e9rito - Personalidade do Ano"}}, {"pk": 74, "model": "galeria.premio", "fields": {"foto": null, "aniversario": 6, "premiado": 37, "descricao": "", "nome": "Trof\u00e9u Especial Colabora\u00e7\u00e3o"}}, {"pk": 75, "model": "galeria.premio", "fields": {"foto": null, "aniversario": 6, "premiado": 38, "descricao": "", "nome": "Trof\u00e9u Especial de Agradecimento"}}]
